cheese_name,cheese_url,source_page
Aettis,https://www.thecheesesociety.co.uk/product/aettis/,1
Alpine Meadows,https://www.thecheesesociety.co.uk/product/alpine-meadows/,1
Baron Bigod Brie,https://www.thecheesesociety.co.uk/product/baron-bigod-brie-cheese/,1
Bath Soft,https://www.thecheesesociety.co.uk/product/bath-soft/,1
Blackbomber Extra Mature,https://www.thecheesesociety.co.uk/product/cheese-blackbomber/,1
Blacksticks Blue,https://www.thecheesesociety.co.uk/product/blacksticks-blue-cheese/,1
Bleu des Causses AOC,https://www.thecheesesociety.co.uk/product/bleu-des-causses-aoc/,1
Blue Monday,https://www.thecheesesociety.co.uk/product/blue-monday/,1
Brie de Meaux Dongé,https://www.thecheesesociety.co.uk/product/brie-de-meaux-aoc/,1
Ribblesdale Honey Goat,https://www.thecheesesociety.co.uk/product/ribblesdale-honey-goat/,1
Cahill’s Porter,https://www.thecheesesociety.co.uk/product/cahills-porter/,1
Cashel Blue,https://www.thecheesesociety.co.uk/product/cheese-cashel-blue/,1
Chocolate & Chilli Cheddar – Easter Special,https://www.thecheesesociety.co.uk/product/chocolate-and-chilli-cheddar/,1
Colston Bassett Stilton PDO,https://www.thecheesesociety.co.uk/product/colston-bassett-stilton-pdo/,1
Colston Bassett Stilton PDO Wheel,https://www.thecheesesociety.co.uk/product/colston-bassett-stilton-pdo-2/,1
Comte AOC 24 Months,https://www.thecheesesociety.co.uk/product/comte-aoc/,1
Cornish Yarg,https://www.thecheesesociety.co.uk/product/cornish-yarg/,1
Cote Hill Blue,https://www.thecheesesociety.co.uk/product/cote-hill-blue/,1
Crème Chèvre,https://www.thecheesesociety.co.uk/product/creme-chevre/,1
Dambuster,https://www.thecheesesociety.co.uk/product/dambuster/,1
Kidderton Ash,https://www.thecheesesociety.co.uk/product/kidderton-ash-2/,1
Delice de Bourgogne,https://www.thecheesesociety.co.uk/product/delice-de-bourgogne/,1
Eggleston,https://www.thecheesesociety.co.uk/product/eggleston/,1
Epoisses Halves,https://www.thecheesesociety.co.uk/product/half-epoisses-de-bourgogne-aoc/,1
Ferme Chévre,https://www.thecheesesociety.co.uk/product/ferme-chevre/,1
Fleur des Alpes,https://www.thecheesesociety.co.uk/product/fleur-des-alpes/,1
Gjetost Brown Cheese,https://www.thecheesesociety.co.uk/product/norwegian-brown-cheese/,1
Goat Gouda with Fenugreek,https://www.thecheesesociety.co.uk/product/goat-gouda-with-fenugreek/,1
Godminster Organic Cheddar Heart,https://www.thecheesesociety.co.uk/product/godminster-organic-heart/,1
Gorgonzola Dolce DOP,https://www.thecheesesociety.co.uk/product/gorgonzola-dolce-dop/,1
Aettis,https://www.thecheesesociety.co.uk/product/aettis/,2
Alpine Meadows,https://www.thecheesesociety.co.uk/product/alpine-meadows/,2
Baron Bigod Brie,https://www.thecheesesociety.co.uk/product/baron-bigod-brie-cheese/,2
Bath Soft,https://www.thecheesesociety.co.uk/product/bath-soft/,2
Blackbomber Extra Mature,https://www.thecheesesociety.co.uk/product/cheese-blackbomber/,2
Blacksticks Blue,https://www.thecheesesociety.co.uk/product/blacksticks-blue-cheese/,2
Bleu des Causses AOC,https://www.thecheesesociety.co.uk/product/bleu-des-causses-aoc/,2
Blue Monday,https://www.thecheesesociety.co.uk/product/blue-monday/,2
Brie de Meaux Dongé,https://www.thecheesesociety.co.uk/product/brie-de-meaux-aoc/,2
Ribblesdale Honey Goat,https://www.thecheesesociety.co.uk/product/ribblesdale-honey-goat/,2
Cahill’s Porter,https://www.thecheesesociety.co.uk/product/cahills-porter/,2
Cashel Blue,https://www.thecheesesociety.co.uk/product/cheese-cashel-blue/,2
Chocolate & Chilli Cheddar – Easter Special,https://www.thecheesesociety.co.uk/product/chocolate-and-chilli-cheddar/,2
Colston Bassett Stilton PDO,https://www.thecheesesociety.co.uk/product/colston-bassett-stilton-pdo/,2
Colston Bassett Stilton PDO Wheel,https://www.thecheesesociety.co.uk/product/colston-bassett-stilton-pdo-2/,2
Comte AOC 24 Months,https://www.thecheesesociety.co.uk/product/comte-aoc/,2
Cornish Yarg,https://www.thecheesesociety.co.uk/product/cornish-yarg/,2
Cote Hill Blue,https://www.thecheesesociety.co.uk/product/cote-hill-blue/,2
Crème Chèvre,https://www.thecheesesociety.co.uk/product/creme-chevre/,2
Dambuster,https://www.thecheesesociety.co.uk/product/dambuster/,2
Kidderton Ash,https://www.thecheesesociety.co.uk/product/kidderton-ash-2/,2
Delice de Bourgogne,https://www.thecheesesociety.co.uk/product/delice-de-bourgogne/,2
Eggleston,https://www.thecheesesociety.co.uk/product/eggleston/,2
Epoisses Halves,https://www.thecheesesociety.co.uk/product/half-epoisses-de-bourgogne-aoc/,2
Ferme Chévre,https://www.thecheesesociety.co.uk/product/ferme-chevre/,2
Fleur des Alpes,https://www.thecheesesociety.co.uk/product/fleur-des-alpes/,2
Gjetost Brown Cheese,https://www.thecheesesociety.co.uk/product/norwegian-brown-cheese/,2
Goat Gouda with Fenugreek,https://www.thecheesesociety.co.uk/product/goat-gouda-with-fenugreek/,2
Godminster Organic Cheddar Heart,https://www.thecheesesociety.co.uk/product/godminster-organic-heart/,2
Gorgonzola Dolce DOP,https://www.thecheesesociety.co.uk/product/gorgonzola-dolce-dop/,2
Aettis,https://www.thecheesesociety.co.uk/product/aettis/,3
Alpine Meadows,https://www.thecheesesociety.co.uk/product/alpine-meadows/,3
Baron Bigod Brie,https://www.thecheesesociety.co.uk/product/baron-bigod-brie-cheese/,3
Bath Soft,https://www.thecheesesociety.co.uk/product/bath-soft/,3
Blackbomber Extra Mature,https://www.thecheesesociety.co.uk/product/cheese-blackbomber/,3
Blacksticks Blue,https://www.thecheesesociety.co.uk/product/blacksticks-blue-cheese/,3
Bleu des Causses AOC,https://www.thecheesesociety.co.uk/product/bleu-des-causses-aoc/,3
Blue Monday,https://www.thecheesesociety.co.uk/product/blue-monday/,3
Brie de Meaux Dongé,https://www.thecheesesociety.co.uk/product/brie-de-meaux-aoc/,3
Ribblesdale Honey Goat,https://www.thecheesesociety.co.uk/product/ribblesdale-honey-goat/,3
Cahill’s Porter,https://www.thecheesesociety.co.uk/product/cahills-porter/,3
Cashel Blue,https://www.thecheesesociety.co.uk/product/cheese-cashel-blue/,3
Chocolate & Chilli Cheddar – Easter Special,https://www.thecheesesociety.co.uk/product/chocolate-and-chilli-cheddar/,3
Colston Bassett Stilton PDO,https://www.thecheesesociety.co.uk/product/colston-bassett-stilton-pdo/,3
Colston Bassett Stilton PDO Wheel,https://www.thecheesesociety.co.uk/product/colston-bassett-stilton-pdo-2/,3
Comte AOC 24 Months,https://www.thecheesesociety.co.uk/product/comte-aoc/,3
Cornish Yarg,https://www.thecheesesociety.co.uk/product/cornish-yarg/,3
Cote Hill Blue,https://www.thecheesesociety.co.uk/product/cote-hill-blue/,3
Crème Chèvre,https://www.thecheesesociety.co.uk/product/creme-chevre/,3
Dambuster,https://www.thecheesesociety.co.uk/product/dambuster/,3
Kidderton Ash,https://www.thecheesesociety.co.uk/product/kidderton-ash-2/,3
Delice de Bourgogne,https://www.thecheesesociety.co.uk/product/delice-de-bourgogne/,3
Eggleston,https://www.thecheesesociety.co.uk/product/eggleston/,3
Epoisses Halves,https://www.thecheesesociety.co.uk/product/half-epoisses-de-bourgogne-aoc/,3
Ferme Chévre,https://www.thecheesesociety.co.uk/product/ferme-chevre/,3
Fleur des Alpes,https://www.thecheesesociety.co.uk/product/fleur-des-alpes/,3
Gjetost Brown Cheese,https://www.thecheesesociety.co.uk/product/norwegian-brown-cheese/,3
Goat Gouda with Fenugreek,https://www.thecheesesociety.co.uk/product/goat-gouda-with-fenugreek/,3
Godminster Organic Cheddar Heart,https://www.thecheesesociety.co.uk/product/godminster-organic-heart/,3
Gorgonzola Dolce DOP,https://www.thecheesesociety.co.uk/product/gorgonzola-dolce-dop/,3
Aettis,https://www.thecheesesociety.co.uk/product/aettis/,4
Alpine Meadows,https://www.thecheesesociety.co.uk/product/alpine-meadows/,4
Baron Bigod Brie,https://www.thecheesesociety.co.uk/product/baron-bigod-brie-cheese/,4
Bath Soft,https://www.thecheesesociety.co.uk/product/bath-soft/,4
Blackbomber Extra Mature,https://www.thecheesesociety.co.uk/product/cheese-blackbomber/,4
Blacksticks Blue,https://www.thecheesesociety.co.uk/product/blacksticks-blue-cheese/,4
Bleu des Causses AOC,https://www.thecheesesociety.co.uk/product/bleu-des-causses-aoc/,4
Blue Monday,https://www.thecheesesociety.co.uk/product/blue-monday/,4
Brie de Meaux Dongé,https://www.thecheesesociety.co.uk/product/brie-de-meaux-aoc/,4
Ribblesdale Honey Goat,https://www.thecheesesociety.co.uk/product/ribblesdale-honey-goat/,4
Cahill’s Porter,https://www.thecheesesociety.co.uk/product/cahills-porter/,4
Cashel Blue,https://www.thecheesesociety.co.uk/product/cheese-cashel-blue/,4
Chocolate & Chilli Cheddar – Easter Special,https://www.thecheesesociety.co.uk/product/chocolate-and-chilli-cheddar/,4
Colston Bassett Stilton PDO,https://www.thecheesesociety.co.uk/product/colston-bassett-stilton-pdo/,4
Colston Bassett Stilton PDO Wheel,https://www.thecheesesociety.co.uk/product/colston-bassett-stilton-pdo-2/,4
Comte AOC 24 Months,https://www.thecheesesociety.co.uk/product/comte-aoc/,4
Cornish Yarg,https://www.thecheesesociety.co.uk/product/cornish-yarg/,4
Cote Hill Blue,https://www.thecheesesociety.co.uk/product/cote-hill-blue/,4
Crème Chèvre,https://www.thecheesesociety.co.uk/product/creme-chevre/,4
Dambuster,https://www.thecheesesociety.co.uk/product/dambuster/,4
Kidderton Ash,https://www.thecheesesociety.co.uk/product/kidderton-ash-2/,4
Delice de Bourgogne,https://www.thecheesesociety.co.uk/product/delice-de-bourgogne/,4
Eggleston,https://www.thecheesesociety.co.uk/product/eggleston/,4
Epoisses Halves,https://www.thecheesesociety.co.uk/product/half-epoisses-de-bourgogne-aoc/,4
Ferme Chévre,https://www.thecheesesociety.co.uk/product/ferme-chevre/,4
Fleur des Alpes,https://www.thecheesesociety.co.uk/product/fleur-des-alpes/,4
Gjetost Brown Cheese,https://www.thecheesesociety.co.uk/product/norwegian-brown-cheese/,4
Goat Gouda with Fenugreek,https://www.thecheesesociety.co.uk/product/goat-gouda-with-fenugreek/,4
Godminster Organic Cheddar Heart,https://www.thecheesesociety.co.uk/product/godminster-organic-heart/,4
Gorgonzola Dolce DOP,https://www.thecheesesociety.co.uk/product/gorgonzola-dolce-dop/,4
